tag,budget,p_grid_max,status,formulation,solver,wall_time_s,solver_time_s,warnings,x_wind_mw,x_pv_mw,p_stor_mw,e_stor_mwh,raw_mwh,delivered_mwh,curtailed_mwh,curtail_frac,losses_mwh,charge_mwh,discharge_mwh,rte_realized,capex_effective_meur,capex_nominal_meur,opex_discounted_meur,revenue_meur,npv_objective_meur,npv_legacy_meur,npv_per_capex,loss_check_ok,wall_s
budget,50000000.0,50,ok,milp,gurobi,13.645042800024385,8.29200005531311,[],42.3771186440678,0.0,0.0,0.0,185013.03335169493,185013.03335169493,0.0,0.0,0.0,-0.0,0.0,,46.300925925925924,50.004999999999995,12.478293080618048,16.02845294943322,212.67163439894182,232.80489254525537,4.253007387240113,True,13.65809359998093
budget,50000000.0,80,ok,milp,gurobi,12.792775400012033,8.210999965667725,[],42.3771186440678,0.0,0.0,0.0,185013.03335169493,185013.03335169493,0.0,0.0,0.0,-0.0,0.0,,46.300925925925924,50.004999999999995,12.478293080618048,16.02845294943322,212.67163439894182,232.80489254525537,4.253007387240113,True,12.803593899996486
budget,50000000.0,100,ok,milp,gurobi,12.731464099982986,8.047999858856201,[],42.3771186440678,0.0,0.0,0.0,185013.03335169493,185013.03335169493,0.0,0.0,0.0,-0.0,0.0,,46.300925925925924,50.004999999999995,12.478293080618048,16.02845294943322,212.67163439894182,232.80489254525537,4.253007387240113,True,12.742324999999255
budget,50000000.0,120,ok,milp,gurobi,12.020914699998684,7.281000137329102,[],42.3771186440678,0.0,0.0,0.0,185013.03335169493,185013.03335169493,0.0,0.0,0.0,-0.0,0.0,,46.300925925925924,50.004999999999995,12.478293080618048,16.02845294943322,212.67163439894182,232.80489254525537,4.253007387240113,True,12.03140639999765
budget,50000000.0,150,ok,milp,gurobi,11.31719690002501,6.4690001010894775,[],42.3771186440678,0.0,0.0,0.0,185013.03335169493,185013.03335169493,0.0,0.0,0.0,-0.0,0.0,,46.300925925925924,50.004999999999995,12.478293080618048,16.02845294943322,212.67163439894182,232.80489254525537,4.253007387240113,True,11.327751800010446
budget,50000000.0,200,ok,milp,gurobi,10.976449799985858,6.187999963760376,[],42.3771186440678,0.0,0.0,0.0,185013.03335169493,185013.03335169493,0.0,0.0,0.0,-0.0,0.0,,46.300925925925924,50.004999999999995,12.478293080618048,16.02845294943322,212.67163439894182,232.80489254525537,4.253007387240113,True,10.987285399984103
budget,50000000.0,250,ok,milp,gurobi,11.022557299991604,6.21399998664856,[],42.3771186440678,0.0,0.0,0.0,185013.03335169493,185013.03335169493,0.0,0.0,0.0,-0.0,0.0,,46.300925925925924,50.004999999999995,12.478293080618048,16.02845294943322,212.67163439894182,232.80489254525537,4.253007387240113,True,11.037959100009175
budget,100000000.0,50,ok,milp,gurobi,12.321545899991179,7.634999990463257,[],84.7542372881356,0.0,0.0,0.0,370026.06670338986,311803.79826271185,58222.26844067798,0.15734639713193102,0.0,-0.0,0.0,,92.60185185185185,100.00999999999999,24.956586161236096,28.03194018222466,357.17819376143945,395.52246261429684,3.5714247951348814,True,12.33213149997755
budget,100000000.0,80,ok,milp,gurobi,12.715383100003237,7.95199990272522,[],84.7542372881356,0.0,0.0,0.0,370026.06670338986,369445.32559322036,580.7411101694925,0.0015694599987060107,0.0,-0.0,0.0,,92.60185185185185,100.00999999999999,24.956586161236096,32.022898412219234,424.7673325917916,465.0176077029139,4.2472486010578105,True,12.727362800011178
budget,100000000.0,100,ok,milp,gurobi,12.98060219999752,8.118000030517578,[],84.7542372881356,0.0,0.0,0.0,370026.06670338986,370026.06670338986,0.0,0.0,0.0,-0.0,0.0,,92.60185185185185,100.00999999999999,24.956586161236096,32.05690589886644,425.34326879788364,465.60978509051074,4.253007387240113,True,12.991732599999523
budget,100000000.0,120,ok,milp,gurobi,12.611578899988672,7.857000112533569,[],84.7542372881356,0.0,0.0,0.0,370026.06670338986,370026.06670338986,0.0,0.0,0.0,-0.0,0.0,,92.60185185185185,100.00999999999999,24.956586161236096,32.05690589886644,425.34326879788364,465.60978509051074,4.253007387240113,True,12.622283399978187
budget,100000000.0,150,ok,milp,gurobi,12.676997000002302,8.184000015258789,[],84.7542372881356,0.0,0.0,0.0,370026.06670338986,370026.06670338986,0.0,0.0,0.0,-0.0,0.0,,92.60185185185185,100.00999999999999,24.956586161236096,32.05690589886644,425.34326879788364,465.60978509051074,4.253007387240113,True,12.687709300022107
budget,100000000.0,200,ok,milp,gurobi,12.755749000003561,8.052000045776367,[],84.7542372881356,0.0,0.0,0.0,370026.06670338986,370026.06670338986,0.0,0.0,0.0,-0.0,0.0,,92.60185185185185,100.00999999999999,24.956586161236096,32.05690589886644,425.34326879788364,465.60978509051074,4.253007387240113,True,12.766099000000395
budget,100000000.0,250,ok,milp,gurobi,11.763780300010694,7.036999940872192,[],84.7542372881356,0.0,0.0,0.0,370026.06670338986,370026.06670338986,0.0,0.0,0.0,-0.0,0.0,,92.60185185185185,100.00999999999999,24.956586161236096,32.05690589886644,425.34326879788364,465.60978509051074,4.253007387240113,True,11.77412300001015
budget,200000000.0,50,ok,milp,gurobi,12.398249599995324,7.586000204086304,[],124.78342562515844,69.13998161173464,20.09208713441474,40.18417426882948,620241.0777103486,386774.09203342826,232368.89779329792,0.37464287056107193,1098.0878836224401,12200.976484693801,11102.888601071363,0.9100000000000004,181.0175542795644,199.98,48.487870144642216,36.26659884557237,384.68974297014006,450.49808767871986,1.9236410789585963,True,12.40868930000579
budget,200000000.0,80,ok,milp,gurobi,11.83776759999455,7.070000171661377,[],160.96579476861166,16.800603621730406,0.0,0.0,721090.4613070422,543701.2304446681,177389.2308623742,0.2460013554205669,0.0,-0.0,0.0,,182.17026138311348,200.01999999999998,50.25151872068622,49.44193800809274,604.9051644138881,678.7695072948172,3.024223399729468,True,11.848693099978846
budget,200000000.0,100,ok,milp,gurobi,11.91742849998991,7.232000112533569,[],169.5084745762712,0.0,0.0,0.0,740052.1334067797,623607.5965254237,116444.53688135596,0.15734639713193102,0.0,-0.0,0.0,,185.2037037037037,200.01999999999998,49.91317232247219,56.06388036444932,714.3563875228789,791.0449252285937,3.5714247951348814,True,11.927636000007624
budget,200000000.0,120,ok,milp,gurobi,12.503167200018652,7.7789998054504395,[],169.5084745762712,0.0,0.0,0.0,740052.1334067797,682529.9200169492,57522.21338983053,0.07772724486994036,0.0,-0.0,0.0,,185.2037037037037,200.01999999999998,49.91317232247219,60.43039607882726,788.3057981183738,867.0797082593431,3.941134877104159,True,12.513380199990934
budget,200000000.0,150,ok,milp,gurobi,12.85077459999593,8.11899995803833,[],169.5084745762712,0.0,0.0,0.0,740052.1334067797,731836.0253728814,8216.108033898316,0.01110206654776606,0.0,-0.0,0.0,,185.2037037037037,200.01999999999998,49.91317232247219,63.64514528634236,842.7494022365169,923.0586110002226,4.213325678614723,True,12.861431299999822
budget,200000000.0,200,ok,milp,gurobi,12.865889300010167,7.91100001335144,[],169.5084745762712,0.0,0.0,0.0,740052.1334067797,740052.1334067797,0.0,0.0,0.0,-0.0,0.0,,185.2037037037037,200.01999999999998,49.91317232247219,64.11381179773288,850.6865375957673,931.2195701810215,4.253007387240113,True,12.876388400007272
budget,200000000.0,250,ok,milp,gurobi,12.873907300003339,8.045000076293945,[],169.5084745762712,0.0,0.0,0.0,740052.1334067797,740052.1334067797,0.0,0.0,0.0,-0.0,0.0,,185.2037037037037,200.01999999999998,49.91317232247219,64.11381179773288,850.6865375957673,931.2195701810215,4.253007387240113,True,12.88418619998265
budget,300000000.0,50,ok,milp,gurobi,12.611682899994776,7.557999849319458,[],157.86811639470676,151.21262937802982,40.99650897755027,81.99301795510054,854250.7784830363,411796.1603080817,440872.1038497857,0.5160921300331487,1582.5143251688628,17583.49250187627,16000.97817670741,0.9100000000000003,267.4536789752099,299.96999999999997,72.17107715770834,39.34687923762204,326.7366719648576,417.6993403803831,1.0892311629991587,True,12.622007300000405
budget,300000000.0,80,ok,milp,gurobi,11.819975899998099,6.863999843597412,[],192.6596056215825,97.65362142299202,25.070522344174023,50.141044688348046,947696.7727281009,610006.6233477206,336226.3818021255,0.35478265989472835,1463.7675782548313,16264.084202831467,14800.316624576637,0.9100000000000001,270.517720215469,299.96999999999997,73.31799903922112,56.92196096169537,620.1695813591704,720.6727928876938,2.0674386817320745,True,11.830467099993257
budget,300000000.0,100,ok,milp,gurobi,12.061000099987723,7.343000173568726,[],218.7679414273151,63.23521852501094,7.04053214421723,14.08106428843446,1024121.4581244321,720054.4588439399,303557.7829944988,0.29640799007417745,509.21628599333883,5657.958733259322,5148.742447265983,0.91,269.3086025816965,300.03,75.15938450613957,66.09378489255738,774.8673104147579,881.5922352279646,2.582632771438716,True,12.071828400017694
budget,300000000.0,120,ok,milp,gurobi,11.951370099995984,7.20199990272522,[],241.44869215291752,25.200905432595512,0.0,0.0,1081635.6919605634,815551.845667002,266083.8462935614,0.24600135542056692,0.0,-0.0,0.0,,273.2553920746702,300.03,75.37727808102932,74.16290701213907,907.3577466208386,1018.1542609422254,3.024223399729489,True,11.962180300004547
budget,300000000.0,150,ok,milp,gurobi,12.099110099981772,7.293999910354614,[],254.26271186440678,0.0,0.0,0.0,1110078.2001101696,935411.3947881355,174666.80532203394,0.15734639713193102,0.0,-0.0,0.0,,277.80555555555554,300.03,74.8697584837083,84.09582054667399,1071.5345812844039,1186.5673878428904,3.5714247951351665,True,12.109409500000766
budget,300000000.0,200,ok,milp,gurobi,12.817455699987477,7.85699987411499,[],254.26271186440678,0.0,0.0,0.0,1110078.2001101696,1064365.2858898304,45712.91422033899,0.04117990445700332,0.0,-0.0,0.0,,277.80555555555554,300.03,74.8697584837083,93.40126391827017,1229.1275278584458,1348.6044476053194,4.096682091319021,True,12.827657799993176
budget,300000000.0,250,ok,milp,gurobi,12.42651340001612,7.723999977111816,[],254.26271186440678,0.0,0.0,0.0,1110078.2001101696,1110078.2001101696,0.0,0.0,0.0,-0.0,0.0,,277.80555555555554,300.03,74.8697584837083,96.17071769659933,1276.0298063936511,1396.8293552715324,4.253007387240114,True,12.437052699999185
grid_only,,50,ok,milp,gurobi,18.071199199999683,13.310999870300293,[],114.43232243133912,46.768058677151345,9.237356786271334,18.47471357254267,550634.9274722429,371304.93654749845,178453.63474443706,0.32408702361771774,876.356180307426,9737.29089230474,8860.934711997314,0.91,151.18746284609995,168.26389547558293,41.639729345148666,34.37180842772749,389.27864607143187,447.3339137222332,2.313500736276017,True,18.081498699990334
grid_only,,80,ok,milp,gurobi,19.415883399982704,14.432999849319458,[],183.09171589014255,74.82889388344216,14.779770858034091,29.559541716068182,881015.8839555886,594087.8984759974,285121.0838483084,0.3236276315112171,1806.9016312826604,20076.684792029642,18269.783160746985,0.9100000000000006,241.89994055375988,269.22223276093257,66.62356695223785,54.99489348436397,622.8458337143227,715.7342619555728,2.3135007362761355,True,19.426390300010098
grid_only,,100,ok,milp,gurobi,17.938563399977284,13.032999992370605,[],228.86464486267823,93.53611735430269,18.47471357254267,36.94942714508534,1101269.8549444857,742609.8730949969,356864.477865173,0.32404816699823524,1795.5039843159373,19950.0442701771,18154.54028586116,0.91,302.3749256921999,336.52779095116585,83.27945869029733,68.74361685545496,778.5572921428637,894.667827444466,2.313500736276017,True,17.95096570000169
grid_only,,120,ok,milp,gurobi,20.312615300004836,13.866000175476074,[],274.63757383521386,112.24334082516324,22.16965628705114,44.33931257410228,1321523.8259333828,891131.8477139962,428110.845797648,0.32395242325296436,2281.1324217386828,25345.915797096503,23064.78337535782,0.9100000000000001,362.8499108306398,403.8333491413989,99.9353504283568,82.49234022654592,934.268750571476,1073.6013929333585,2.3135007362761155,True,20.32387920000474
grid_only,,150,ok,milp,gurobi,23.045635499991477,15.265000104904175,[],343.29696729401735,140.30417603145403,27.712070358813904,55.42414071762781,1651904.7824167288,1113914.8096424951,535296.3010139283,0.32404791529859994,2693.6717603052216,29929.6862256136,27236.01446530838,0.9100000000000001,453.5623885382998,504.7916864267486,124.91918803544598,103.11542528318245,1167.835938214395,1342.001741166699,2.3135007362762146,True,23.058816099975957
grid_only,,200,ok,milp,gurobi,25.74139670000295,17.546000003814697,[],457.72928972535647,187.07223470860538,36.94942714508534,73.89885429017068,2202539.7098889714,1485219.7461899938,713798.6579635562,0.32407981329859353,3521.3057354215744,39125.61928246197,35604.313547040394,0.91,604.7498513843998,673.0555819023317,166.55891738059466,137.48723371090992,1557.1145842857275,1789.335654888932,2.313500736276017,True,25.757810299983248
grid_only,,250,ok,milp,gurobi,24.632634200010216,16.990999937057495,[],572.1616121566956,233.8402933857567,46.186783931356615,92.37356786271323,2753174.6373612145,1856524.682737492,891980.6447549512,0.3239825881913077,4669.309868771107,51881.220764123485,47211.91089535238,0.9100000000000003,755.9373142304997,841.3194773779146,208.19864672574332,171.8590421386374,1946.3932303575873,2236.669568611165,2.313500736276526,True,24.64759900001809
